source,title,url,published_date,target_family_queried,local_llm_predicted_family,retrieved_at
tavily,EU SANCTIONS AGAINST RUSSIAN FEDERATION – UPDATE OF FAQ REGARDING PUBLIC PROCUREMENT (Post 12) - Specht & Partner GmbH,https://www.specht-partner.com/eu-sanctions-faq,,trade_policy,trade_policy,2026-09-11T22:11:14.776822+00:00
tavily,Dentons - EU-wide ban on Russian contractors participating in public procurement and concessions,https://www.dentons.com/en/insights/alerts/2022/april/14/participation-of-russian-contractors-in-public-procurement-and-concession-procedures,,trade_policy,trade_policy,2026-09-11T22:11:15.583282+00:00
tavily,"Are new EU Sanctions on government contracting a ""Don't Buy Russian"" rule? | Freshfields",https://www.freshfields.com/en/our-thinking/blogs/risk-and-compliance/are-new-eu-sanctions-on-government-contracting-a-dont-buy-russian-rule-102ho1h,,trade_policy,trade_policy,2026-09-11T22:11:16.016120+00:00
guardian,Reform UK given record £36m donation by British crypto billionaire,https://www.theguardian.com/politics/2026/sep/11/reform-uk-given-record-36m-donation-by-british-crypto-billionaire,2026-09-11,trade_policy,not_relevant,2026-09-11T22:11:16.482088+00:00
guardian,"Trump keeps touting $5,000 payments if Republicans retain control of Congress as some in his party question feasibility – live",https://www.theguardian.com/us-news/live/2026/sep/11/september-11-anniversary-memorials-world-trade-center-pentagon-vance-trump-us-politics-live,2026-09-11,trade_policy,not_relevant,2026-09-11T22:11:17.192469+00:00
guardian,North Carolina state trooper charged with murder of police captain,https://www.theguardian.com/us-news/2026/sep/11/north-carolina-state-trooper-police-captain,2026-09-11,trade_policy,not_relevant,2026-09-11T22:11:17.597657+00:00
tavily,Panama Canal cuts transit capacity as El Niño thre... | myKN,https://mykn.kuehne-nagel.com/news/article/panama-canal-cuts-transit-capacity-as-el-nio,,logistics_transport,logistics_transport,2026-09-11T22:11:18.155437+00:00
tavily,Panama Canal Tightens Transit Limits Again — Is 2023 About to Repeat Itself?,https://sea.weathernews.com/resources/202609/227,,logistics_transport,logistics_transport,2026-09-11T22:11:18.700302+00:00
tavily,"Panama Canal to cap daily transits, anticipating severe El Niño | Reuters",https://www.reuters.com/business/environment/panama-canal-cap-daily-transits-anticipating-severe-el-nio-2026-08-20,,logistics_transport,logistics_transport,2026-09-11T22:11:19.161812+00:00
guardian,"While Puerto Ricans protest for reliable access to water, the governor washes her hands",https://www.theguardian.com/us-news/ng-interactive/2026/sep/10/puerto-rico-water-access,2026-09-11,logistics_transport,not_relevant,2026-09-11T22:11:19.878611+00:00
guardian,"England v Pakistan: third men’s cricket Test, day three – as it happened",https://www.theguardian.com/sport/live/2026/sep/11/england-v-pakistan-third-cricket-test-day-three-live,2026-09-11,logistics_transport,not_relevant,2026-09-11T22:11:20.293524+00:00
newsapi,Panama Canal Scraps Planned October Draft Cut—for Now,https://gcaptain.com/panama-canal-scraps-planned-october-draft-cut-for-now/,2026-09-05,logistics_transport,logistics_transport,2026-09-11T22:11:20.915526+00:00
newsapi,Panama Canal Slashes Daily Ship Transits as El Niño Threatens Water Levels,http://wwd.com/sourcing-journal/logistics/panama-canal-slashes-daily-transits-el-nino-water-levels-draft-restrictions-1239146256/,2026-08-21,logistics_transport,logistics_transport,2026-09-11T22:11:21.576032+00:00
tavily,Red Sea crisis - Wikipedia,https://en.wikipedia.org/wiki/Red_Sea_crisis,,conflict_security,conflict_security,2026-09-11T22:11:22.296074+00:00
tavily,Deadly attack on Red Sea ship adds to global supply chain ...,https://news.un.org/en/story/2026/08/1168121,,conflict_security,conflict_security,2026-09-11T22:11:23.017233+00:00
tavily,Houthis say US ship hit in Gulf of Aden attack｜Arab News Japan,https://www.arabnews.jp/en/middle-east/article_113112,,conflict_security,conflict_security,2026-09-11T22:11:23.597745+00:00
guardian,California petition worker arrested for allegedly paying people to forge voter signs,https://www.theguardian.com/us-news/2026/sep/11/california-petition-worker-arrested-identity-fraud,2026-09-11,conflict_security,not_relevant,2026-09-11T22:11:24.000778+00:00
guardian,US Open tennis 2026 men’s semi-final: Alexander Zverev v Karen Khachanov – live,https://www.theguardian.com/sport/live/2026/sep/11/us-open-tennis-2026-mens-semi-final-alexander-zverev-v-karen-khachanov-live,2026-09-11,conflict_security,not_relevant,2026-09-11T22:11:24.390457+00:00
newsapi,The Bab el-Mandeb Problem,http://foreignpolicy.com/2026/09/10/houthis-yemen-mokha-port-red-sea-bab-el-mandeb-iran-saudi-arabia-strait-hormuz/,2026-09-10,conflict_security,conflict_security,2026-09-11T22:11:25.190586+00:00
newsapi,Iran-backed terror group’s latest territorial grab threatens second global shipping chokepoint,https://www.foxnews.com/world/iran-backed-terror-groups-latest-territorial-grab-threatens-second-global-shipping-chokepoint,2026-09-10,conflict_security,conflict_security,2026-09-11T22:11:25.830326+00:00
newsapi,Who is fighting in Yemen? Key factions battling for control of the country,https://economictimes.indiatimes.com/news/defence/who-is-fighting-in-yemen-key-factions-battling-for-control-of-the-country/articleshow/134002722.cms,2026-09-10,conflict_security,conflict_security,2026-09-11T22:11:26.274963+00:00
gnews,Houthis claim attack on Saudi military cargo ship in Bab el,https://www.cnbctv18.com/world/houthis-claim-attack-on-saudi-military-cargo-ship-in-bab-el-mandeb-19967276.htm,2026-08-12,conflict_security,conflict_security,2026-09-11T22:11:26.660361+00:00
newsdata,Netanyahu Signals 'Strong Blows' against Iran's Proxies as Concern Mounts over Houthi Advances,https://www1.cbn.com/cbnnews/israel/2026/september/netanyahu-signals-strong-blows-against-irans-proxies-as-concern-mounts-over-tehran-weapons-rebuild-houthi-advances,2026-09-11,conflict_security,conflict_security,2026-09-11T22:11:27.344645+00:00
newsdata,Netanyahu Signals 'Heavy Blows' Against Iran's Proxies as Concern Mounts over Houthi Advances,https://www1.cbn.com/cbnnews/israel/2026/september/netanyahu-signals-heavy-blows-against-irans-proxies-as-concern-mounts-over-houthi-advances,2026-09-11,conflict_security,conflict_security,2026-09-11T22:11:28.022757+00:00
newsdata,Saudi Arabia strikes Mocha airport in Yemen as Houthis advance on Bab el-Mandeb,https://www.moneycontrol.com/world/saudi-arabia-strikes-mocha-airport-in-yemen-as-houthis-advance-on-bab-el-mandeb-article-14027940.html,2026-09-11,conflict_security,conflict_security,2026-09-11T22:11:28.574966+00:00
